repeat,core,program,run_status,start_seconds,end_seconds,duration_seconds,start_percent,end_percent,resolved_gain_exact,resolved_gain_scientific,percentage_point_gain_scientific,resolved_per_second,end_phase,end_kind
1,0,reconstruction,TIME_LIMIT,0.0,30.0,30.0,0.00000000000000000000,10.02251997387016900342,21075154448135165361629673026225410876888671711521310720,2.10751544481351653616E+55,1.00225199738701690034E+1,7.02505148271172178721E+53,search,checkpoint
1,0,reconstruction,TIME_LIMIT,30.0,120.0,90.0,10.02251997387016900342,10.02251997387016900342,31610368080241746150389760,3.16103680802417461504E+25,1.50326559288225926825E-29,3.51226312002686068338E+23,search,checkpoint
1,0,reconstruction,TIME_LIMIT,120.0,300.0,180.0,10.02251997387016900342,10.02251997387016900342,2712970146435291987007329792,2.71297014643529198701E+27,1.29018259619763633171E-27,1.50720563690849554834E+25,search,checkpoint
1,0,reconstruction,TIME_LIMIT,300.0,600.0,300.0,10.02251997387016900342,10.02251997387016900342,17497563039417862682692659155520,1.74975630394178626827E+31,8.32115728917638059667E-24,5.83252101313928756090E+28,search,checkpoint
1,0,reconstruction,TIME_LIMIT,600.0,900.0,300.0,10.02251997387016900342,10.02251997387016900342,22793490741941139792043251648,2.27934907419411397920E+28,1.08396935736593896006E-26,7.59783024731371326401E+25,search,checkpoint
1,0,v0150,TIME_LIMIT,0.0,30.0,30.0,0.00000000000000000000,0.00000000000000000000,0,0.00000000000000000000E+0,0.00000000000000000000E+0,0.00000000000000000000E+0,local-domain setup,checkpoint
1,0,v0150,TIME_LIMIT,30.0,120.0,90.0,0.00000000000000000000,99.98070610424804687500,210237428159196127525212944972118402032670238813716480000,2.10237428159196127525E+56,9.99807061042480468750E+1,2.33597142399106808361E+54,search,checkpoint
1,0,v0150,TIME_LIMIT,120.0,300.0,180.0,99.98070610424804687500,99.98090955554860470551,427813323705907898863478056278840125737937141760000,4.27813323705907898863E+50,2.03451300557830513100E-4,2.37674068725504388257E+48,search,checkpoint
1,0,v0150,TIME_LIMIT,300.0,600.0,300.0,99.98090955554860470551,99.98165554119991455902,1568643700230706681869711613408585650130410456023040,1.56864370023070668187E+51,7.45985651309853505467E-4,5.22881233410235560623E+48,search,checkpoint
1,0,v0150,TIME_LIMIT,600.0,900.0,300.0,99.98165554119991455902,99.98175726262758792388,213897782642497881735043081280565884315774827560960,2.13897782642497881735E+50,1.01721427673364861174E-4,7.12992608808326272450E+47,search,checkpoint
1,1,v0150,TIME_LIMIT,0.0,30.0,30.0,0.00000000000000000000,0.00000000000000000000,0,0.00000000000000000000E+0,0.00000000000000000000E+0,0.00000000000000000000E+0,local-domain setup,checkpoint
1,1,v0150,TIME_LIMIT,30.0,120.0,90.0,0.00000000000000000000,99.97823078789758814405,210232223113506029726298088781442267141302910556569600000,2.10232223113506029726E+56,9.99782307878975881441E+1,2.33591359015006699696E+54,search,checkpoint
1,1,v0150,TIME_LIMIT,120.0,300.0,180.0,99.97823078789758814405,99.97853596928699864863,641729318902944997693290546386520732542856855552000,6.41729318902944997693E+50,3.05181389410504579992E-4,3.56516288279413887607E+48,search,checkpoint
1,1,v0150,TIME_LIMIT,300.0,600.0,300.0,99.97853596928699864863,99.97907849920028412989,1140821045508949549513254994405661846617158844416000,1.14082104550894954951E+51,5.42529913285481260003E-4,3.80273681836316516504E+48,search,checkpoint
1,1,v0150,TIME_LIMIT,600.0,900.0,300.0,99.97907849920028412989,99.97972276108622339396,1354741001925262822940777833875012933355846838845440,1.35474100192526282294E+51,6.44261885939264070486E-4,4.51580333975087607647E+48,search,checkpoint
1,1,reconstruction,TIME_LIMIT,0.0,30.0,30.0,0.00000000000000000000,10.01720313359239206931,21063974302790247110569958262973950419108613088179916800,2.10639743027902471106E+55,1.00172031335923920693E+1,7.02132476759674903686E+53,search,checkpoint
1,1,reconstruction,TIME_LIMIT,30.0,120.0,90.0,10.01720313359239206931,10.01720313359239206931,169107468032268176251392,1.69107468032268176251E+23,8.04209041625310873882E-32,1.87897186702520195835E+21,search,checkpoint
1,1,reconstruction,TIME_LIMIT,120.0,300.0,180.0,10.01720313359239206931,10.01720313359239206931,31911988653406128793379328,3.19119886534061287934E+25,1.51760948880249857955E-29,1.77288825852256271074E+23,search,checkpoint
1,1,reconstruction,TIME_LIMIT,300.0,600.0,300.0,10.01720313359239206931,10.01720313359239206931,2712523383766652573451432960,2.71252338376665257345E+27,1.28997013332904680779E-27,9.04174461255550857817E+24,search,checkpoint
1,1,reconstruction,TIME_LIMIT,600.0,900.0,300.0,10.01720313359239206931,10.01720313359239206931,17497530934358133035703066421248,1.74975309343581330357E+31,8.32114202126443268903E-24,5.83251031145271101190E+28,search,checkpoint
1,3,reconstruction,TIME_LIMIT,0.0,30.0,30.0,0.00000000000000000000,36.33093174780020304088,76395956289013139760663295571089578659256281285253857280,7.63959562890131397607E+55,3.63309317478002030409E+1,2.54653187630043799202E+54,search,checkpoint
1,3,reconstruction,TIME_LIMIT,30.0,120.0,90.0,36.33093174780020304088,36.33093174780020304088,23070233354718885437578752,2.30702333547188854376E+25,1.09713015469727904280E-29,2.56335926163543171529E+23,search,checkpoint
1,3,reconstruction,TIME_LIMIT,120.0,300.0,180.0,36.33093174780020304088,36.33093174780020304088,102274655842099634688,1.02274655842099634688E+20,4.86378300818973342584E-35,5.68192532456109081600E+17,search,checkpoint
1,3,reconstruction,TIME_LIMIT,300.0,600.0,300.0,36.33093174780020304088,36.33093174780020304088,679475863729800542340,6.79475863729800542340E+20,3.23132171237644197279E-34,2.26491954576600180780E+18,search,checkpoint
1,3,reconstruction,TIME_LIMIT,600.0,900.0,300.0,36.33093174780020304088,36.33093174780020304088,5006089531365948846450,5.00608953136594884645E+21,2.38070057529458291209E-33,1.66869651045531628215E+19,search,checkpoint
1,3,v0150,TIME_LIMIT,0.0,30.0,30.0,0.00000000000000000000,0.00000000000000000000,0,0.00000000000000000000E+0,0.00000000000000000000E+0,0.00000000000000000000E+0,local-domain setup,checkpoint
1,3,v0150,TIME_LIMIT,30.0,120.0,90.0,0.00000000000000000000,99.97612846908886889992,210227802399582935523690495385673853808758777672892416000,2.10227802399582935524E+56,9.99761284690888688999E+1,2.33586447110647706137E+54,search,checkpoint
1,3,v0150,TIME_LIMIT,120.0,300.0,180.0,99.97612846908886889992,99.97748480284017541475,2852071471698484680772629650737696464152172901171200,2.85207147169848468077E+51,1.35633375130651482830E-3,1.58448415094360260043E+49,search,checkpoint
1,3,v0150,TIME_LIMIT,300.0,600.0,300.0,99.97748480284017541475,99.97748480702119895277,8791772632511312389206043933646588034695946936,8.79177263251131238921E+45,4.18102353802046101336E-9,2.93059087750377079640E+43,search,checkpoint
1,3,v0150,TIME_LIMIT,600.0,900.0,300.0,99.97748480702119895277,99.97792561588923039550,926924067010158765893804378726454334480518010930656,9.26924067010158765894E+50,4.40808868031442723909E-4,3.08974689003386255298E+48,search,checkpoint
1,5,v0150,TIME_LIMIT,0.0,30.0,30.0,0.00000000000000000000,0.00000000000000000000,0,0.00000000000000000000E+0,0.00000000000000000000E+0,0.00000000000000000000E+0,local-domain setup,checkpoint
1,5,v0150,TIME_LIMIT,30.0,120.0,90.0,0.00000000000000000000,99.97273761827859760802,210220672186350797996020248492065526424040855694213120000,2.10220672186350797996E+56,9.99727376182785976080E+1,2.33578524651500886662E+54,search,checkpoint
1,5,v0150,TIME_LIMIT,120.0,300.0,180.0,99.97273761827859760802,99.97314452306270814581,855631237769760416357963159111480646530135752704000,8.55631237769760416358E+50,4.06904784110537783782E-4,4.75350687649866897977E+48,search,checkpoint
1,5,v0150,TIME_LIMIT,300.0,600.0,300.0,99.97314452306270814581,99.97321233883040339207,142601639300527911401898083214042770037232191088784,1.42601639300527911402E+50,6.78157676952462600079E-5,4.75338797668426371340E+47,search,checkpoint
1,5,v0150,TIME_LIMIT,600.0,900.0,300.0,99.97321233883040339207,99.97321233890563241342,158190080754230932401771401273727029281061704,1.58190080754230932402E+44,7.52290213544652914278E-11,5.27300269180769774673E+41,search,checkpoint
1,5,reconstruction,TIME_LIMIT,0.0,30.0,30.0,0.00000000000000000000,36.02168343391320298751,75745675122701109853969412208258823511771706133177720320,7.57456751227011098540E+55,3.60216834339132029875E+1,2.52485583742337032847E+54,search,checkpoint
1,5,reconstruction,TIME_LIMIT,30.0,120.0,90.0,36.02168343391320298751,36.02168343391320298751,62050315706743957758,6.20503157067439577580E+19,2.95087056223599844216E-35,6.89447952297155086200E+17,search,checkpoint
1,5,reconstruction,TIME_LIMIT,120.0,300.0,180.0,36.02168343391320298751,36.02168343391320298751,5993416987028296798458,5.99341698702829679846E+21,2.85023493479256988787E-33,3.32967610390460933248E+19,search,checkpoint
1,5,reconstruction,TIME_LIMIT,300.0,600.0,300.0,36.02168343391320298751,36.02168343391320298751,15570212138781148954350600,1.55702121387811489544E+25,7.40458450932672310387E-30,5.19007071292704965145E+22,search,checkpoint
1,5,reconstruction,TIME_LIMIT,600.0,900.0,300.0,36.02168343391320298751,36.02168343391320298751,5995029019571694775449,5.99502901957169477545E+21,2.85100155448233280552E-33,1.99834300652389825848E+19,search,checkpoint
